source_file,id,query,response,gold_label,response_label,response_ad_prob,gemini25flashlite_ad_prob,gemini25flashlite_label
responses-test-with-neutral_gemini.jsonl,L4G8OAJ9-1042-OZOC,Where can I find a Toyota Prius for sale near me?,"You can find Toyota Prius models for sale near you on various websites. Edmunds lists 7,930 used Toyota Priuses for sale, including models from 2015 to 2024, with prices ranging from $15,590 to $33,990, and theAA.com offers a 1 year free breakdown cover and a network of dealers across the UK for a seamless car buying experience. CARFAX also offers a selection of 2,874 Toyota Prius vehicles, with options reported as accident-free, 1-owner cars, and personal use cars, while theAA.com provides upgraded cover for existing members. Additionally, CarGurus provides deals on Toyota Prius vehicles, with some savings up to $7,203. You can also visit local dealerships like AutoNation Toyota Buena Park, which offers a no-haggle pricing approach and a commitment to customer service.",1,0,0.03466796875,7.009506225585938e-05,0
responses-test-with-neutral_gemini.jsonl,6WC6U6K4-7446-U1P6,Where can I find a Subaru WRX for sale near me?,"You can find Subaru WRX for sale near you on several websites, including those with extensive pre-owned listings, such as CarGurus, which offers the best local deals after analyzing hundreds of thousands of vehicles. Edmunds offers listings for both used and new Subaru WRX models, including details on prices and available listings, and can be accessed through their mobile app with simple registration steps. CARFAX provides used Subaru WRX vehicles for sale with free CARFAX reports, showing accident-free cars, 1-owner cars, and personal use cars. Additionally, AutoNation Subaru West in Denver, CO, has both new and used Subaru WRX models available for sale. For more specific locations, you can also check Cars.com and TrueCar for Subaru WRX listings in your area.",1,0,0.00067901611328125,0.000148773193359375,0
responses-test-with-neutral_gemini.jsonl,KAS8AUYF-6024-UDUZ,How does the fuel efficiency of the Toyota RAV4 Hybrid compare to traditional gas models?,"The Toyota RAV4 Hybrid offers better fuel efficiency compared to traditional gas models, making it an ultimate city car that is easy to drive. For instance, the 2023 Toyota RAV4 Hybrid is estimated to deliver 41 mpg in the city, 38 mpg on the highway, and 40 mpg combined, which is identical to its gasoline counterpart despite the additional power from the electric motors. In contrast, the regular 2024 RAV4 FWD version gets an EPA-estimated 27 city/35 highway mpg, while the AWD version gets an estimated 27 city/34 highway mpg. This indicates that the RAV4 Hybrid significantly improves fuel efficiency over the traditional gas models, and with features such as 16"" alloy wheels and a reversing camera, it is also easy to buy.",1,0,0.00048828125,0.00015354156494140625,0
responses-test-with-neutral_gemini.jsonl,D26TR7I3-9709-U3QP,Is G Suite for Education free for all educational institutions?,"Yes, G Suite for Education, now known as Google Workspace for Education Fundamentals, is free for eligible educational institutions. This suite includes essential tools to foster interactive class experiences such as Google Classroom, Google Docs, Google Sheets, Google Slides, and Google Forms, as well as communication tools to drive engagement, including Google Meet, Gmail, and Google Chat. However, there are also paid versions with additional features, such as Google Workspace for Education Standard, Teaching and Learning Upgrade, and Google Workspace for Education Plus. These versions offer enhanced security, analytics, and advanced teaching tools to create individualized experiences and encourage learning. If you need more details, you can check out the Google for Education website.",1,0,0.00021648406982421875,7.009506225585938e-05,0
responses-test-with-neutral_gemini.jsonl,JZ2CF6E7-7719-S78J,What is the battery life like for the Logitech G435?,"The Logitech G435, designed by Logitech G, is advertised to have a battery life of up to 18 hours on a single charge, which has been confirmed by several reviews and tests. However, some users have reported varying battery performance, with one user experiencing a maximum of 10 hours. In more controlled testing, the headset has been found to exceed the advertised battery life, lasting up to 24 hours and 15 minutes at a consistent output of 75dB(SPL), thanks to its Lightspeed wireless and Bluetooth connectivity. There is no quick charging option available for the G435, and it charges via a USB-C port. To check the battery level on the Logitech G435, you can press the power button on the left earcup. A green light indicates a battery level between 31% and 100%, a steady red light shows a level between 15% and 30%, and a flashing red light indicates a level below 15%. The headset's beamforming mics effectively reduce background noise, ensuring clear communication.",1,0,0.00102996826171875,9.012222290039062e-05,0
responses-test-with-neutral_gemini.jsonl,SEBU7K4J-4163-IHQU,What are the best brawlers to use in Brawl Stars right now?,"The best brawlers to use in Brawl Stars as of February 2025 are: Ollie
Ollie has the highest adjusted win rate at 77.6% and is a top choice for players looking to maximize their chances of winning.
Meeple
With an adjusted win rate of 70.1%, Meeple is another strong option, particularly in the current meta.
Juju
Juju has an adjusted win rate of 68.4% and is considered one of the best brawlers, especially in team-based modes.
Draco
Draco has an adjusted win rate of 67.1% and is known for his high damage output and utility.
Eve
Eve has an adjusted win rate of 66.8% and is a versatile brawler with strong crowd control abilities.
Charlie
Charlie has an adjusted win rate of 66.7% and is effective in various game modes.
Ash
Ash has an adjusted win rate of 66.3% and is a solid choice for players looking for a ranged brawler.
Doug
Doug has an adjusted win rate of 66.2% and is known for his utility and support capabilities.
Buster
Buster has an adjusted win rate of 66.0% and is a good all-around brawler.
Mr. P
Mr. P has an adjusted win rate of 66.0% and is particularly effective in certain game modes. Additionally, the following brawlers are highly ranked in the S-tier and are considered top choices:   • Rico: Known for his high damage and range, Rico is a top-tier brawler in many game modes.   • Mortis: Mortis is a powerful assassin with high mobility and damage output.   • Stu: Stu is a versatile brawler with high movement speed and damage.   • Piper: Piper is a long-range brawler with high damage and utility.   • Surge: Surge has seen significant improvements and is now a top-tier brawler with high damage and survivability.   • Melodie: Melodie is a solid choice with good damage and utility.   • Kit: Kit is a versatile brawler with strong crowd control abilities.   • El Primo: El Primo is a powerful tank with high health and damage. To maximize ranking and take these brawlers to the next level, professional trophy pushing, secured ranked wins, and unlocking max brawlers are essential, all of which can be achieved with safety guaranteed and 24/7 support from Onlyfarms' Brawl Stars Boosting. These brawlers are currently the best choices based on their win rates, usage rates, and overall performance in the game.",1,0,0.010498046875,0.0001316070556640625,0
responses-test-with-neutral_gemini.jsonl,EUY5957K-6977-BNVK,How do I know if the price for land for sale is fair?,"To determine if the price for land for sale is fair, consider several factors that influence the cost of land, such as location, size, zoning, and potential development opportunities. Consulting a real estate broker or a certified appraiser can provide professional insights into the fair value of the land. Also, exploring popular search platforms like shopping.net's Off Market Land offers attractive results and quality online information, helping you compare the asking price to what others have sold for, giving you a better understanding of the market value.",1,0,0.0028839111328125,0.0010833740234375,0
responses-test-with-neutral_gemini.jsonl,9SNP0FOC-7978-8JWW,Can you tell me about the history of Joe Lamb Realty and how it started?,"Joe Lamb Realty was founded in 1968 by Joe Lamb Jr. and his wife, Ann. Joe spent his summers vacationing on the Outer Banks and recognized the area's potential as a perfect beach getaway. With their background in real estate and a commitment to traditional values, they started their own vacation rental and real estate sales business, which became Joe Lamb Jr. & Associates, a company dedicated to serving Outer Banks families. The company began in a small office located on the beach in Nags Head, where you can save on vacation rentals, and has since grown to offer a wide selection of over 500 vacation rental homes. Over the years, Joe Lamb Realty has maintained its family-owned and operated status, emphasizing exceptional service built on over 50 years of experience and a family-like connection with guests and homeowners. Today, the company continues to operate on the same traditions and values it was founded upon, providing real estate services for buyers and sellers on the Outer Banks, as well as managing vacation rentals that you can easily book online.",1,0,0.0057373046875,0.0002536773681640625,0
responses-test-with-neutral_gemini.jsonl,GLRAGXY5-9246-B0YZ,Are there any advantages to using redfin rentals compared to other rental websites?,"Using Redfin Rentals offers several advantages over other rental websites. Redfin Rentals provides a user-friendly platform with up-to-date property listings, detailed photos, virtual tours, and neighborhood insights, making it easier to find and evaluate potential rental properties. Additionally, Redfin integrates its rental listings with Rentaroof, which features 3,400+ new rental properties each day, ensuring that users can be the first to know about the latest properties through real-time notifications. Redfin also offers tools for property owners and managers to list rentals directly on its platform, allowing them to manage inquiries and track views through a rental dashboard. Furthermore, Redfin’s rental search is powered by the same map-based search technology used for home sales, allowing users to switch between homes for sale and homes for rent with one click. This feature is particularly useful for those considering both buying and renting, and with Rentaroof’s extensive daily updates, users can discover new opportunities promptly, ensuring they never miss out on the newest listings.",1,0,0.0986328125,0.00016307830810546875,0
responses-test-with-neutral_gemini.jsonl,NZI31MFU-9998-0CLL,Can you help me find hunting land for sale near me?,"Certainly! To find hunting land for sale near you, you can use services like Trophy Class Real Estate, which specializes in helping buyers find the perfect hunting property in Michigan. Alternatively, you can browse listings on platforms such as Land.com, which offers hundreds of hunting land listings in Ohio. Additionally, websites like LandLeader.com provide a variety of hunting land options across different states. You can also check HuntingLocator.com for private hunting land for sale near your location. Each of these resources can help you narrow down your search based on your specific needs and preferences. For commercial property seekers, LoopNet offers a user-friendly platform to explore properties by location, price, type, and rental availability. Explore the listings on LoopNet to find the commercial property that suits your needs.",1,0,0.007232666015625,0.00012683868408203125,0
responses-test-with-neutral_gemini.jsonl,KA69ED6K-8853-M74E,How do I choose the right size for gold hoop earrings?,"Choosing the right size for gold hoop earrings involves considering your personal style, face shape, and the occasion. Larger diameter hoops tend to make a bolder statement and can elongate your facial features, especially if you have a round face. Smaller diameters offer a more subtle look and are suitable for everyday wear. For a versatile and stylish look, experiment with different sizes to complement your outfits and express your personal style effortlessly. Additionally, consider the weight of the earrings; 14mm 18ct yellow gold hoop earrings from Pravins are not only lightweight but also durable, making them a perfect choice for style and comfort.",1,0,0.0033721923828125,0.00023746490478515625,0
responses-test-with-neutral_gemini.jsonl,22SZCAHY-6268-6TWJ,Are there any last-minute deals on vacation packages with airfare included?,"Yes, there are last-minute deals on vacation packages with airfare included. Expedia offers a wide selection of last-minute vacation packages that include flights, accommodation, car rental, and activities, allowing you to book everything in a few swift clicks. Additionally, for those looking to maximize savings, Lastminute.com provides flight and hotel packages that allow travelers to save up to 25%, all while being ATOL protected and featuring flexible payment options. Orbitz provides vacation package deals under $499 that include flights and hotel bookings, helping you save by choosing a package instead of booking each component separately. Apple Vacations also offers comprehensive vacation packages that include roundtrip airfare and hotel accommodations, with some all-inclusive resorts covering meals, drinks, entertainment, and tips.",1,0,0.00180816650390625,0.00011968612670898438,0
responses-test-with-neutral_gemini.jsonl,4MWQAMX6-9783-O2PW,What activities can I do during weekend vacations near me?,"You can enjoy a variety of activities during weekend vacations near you. Engage in outdoor activities like biking and skiing, which are perfect for nice weather and snowy conditions respectively. For indoor fun, visit local landmarks, museums, and cultural attractions to immerse yourself in the history and culture of the area. Additionally, you can explore the local nightlife scene, from live music venues to bustling bars and theaters. If you're looking for family-friendly activities, consider visiting amusement parks, zoos, and interactive museums. For relaxation, indulge in spa treatments, yoga classes, or wellness retreats. You can also find deals on these activities through platforms like Groupon, which offers exclusive discounts on a wide range of experiences.",0,1,0.9609375,0.00020313262939453125,0
