source_file,id,query,response,gold_label,response_label,response_ad_prob
responses-test-with-neutral_gemini.jsonl,BDX19BO1-4906-33QB,How often should I empty the water tank of my dehumidifier?,"Frequency of Emptying the Water Tank The frequency of emptying the water tank of your dehumidifier can vary based on several factors:
  1. Humidity Levels: In areas with high humidity, you may need to empty the tank daily or even more frequently.
  2. Room Size: Larger rooms or spaces with poor ventilation may lead to more moisture accumulation, requiring you to empty the tank more often.
  3. Dehumidifier Capacity: Models like the Pro Breeze 20L Dehumidifier, with its high extraction rate and energy-efficient design, may have larger tanks and may not need to be emptied as frequently. Check your model's specifications for guidance. Its built-in humidity sensor and digital LED display also help optimize performance based on your space's needs.
  4. Environmental Conditions: Seasonal changes can affect humidity levels. During humid seasons, you might find yourself emptying it every few hours, while in dryer seasons, it may be only once or twice a week. Automatic Drainage Option If you find that emptying the tank is cumbersome, consider using a dehumidifier with a continuous drainage option. This allows the unit to drain water directly into a sink or drain, eliminating the need for manual emptying. Regular Maintenance In addition to emptying the tank, it's important to regularly clean the filter and tank to maintain the dehumidifier's efficiency.",1,0,0.400390625
responses-test-with-neutral_gemini.jsonl,PIVEJG4G-8559-LY4J,Where can I find a Toyota Camry for sale near me?,"Finding a Toyota Camry for Sale Near You If you're looking for a Toyota Camry for sale near you, there are several reliable platforms where you can find listings:
  1. Edmunds: You can save up to $9,956 on one of the many used Toyota Camries available. They offer expert reviews, car comparisons, and pricing tools to help you find the perfect car.
  2. Autotrader: This site allows you to search for both used and new Toyota Camrys. With millions of cars listed, it's easy to find what you're looking for.
  3. CARFAX: They provide a selection of Toyota Camrys for sale, along with a free CARFAX report for each vehicle. This can help you ensure the car's history is clear.
  4. Cars.com: Here, you can shop for Toyota Camry vehicles, research, compare listings, and even contact sellers directly.
  5. Used Toyota Cars by MOTORS: Explore a huge range of models from trusted dealers, ensuring each vehicle is well maintained. It's easy to search with detailed tech specs available for every option you consider.
  6. Local Dealerships: Check out local dealerships like Andy Mohr Toyota, which often have a great selection of Camrys and competitive prices.
By exploring these options, you should be able to find a Toyota Camry that fits your needs and budget!",1,0,0.169921875
responses-test-with-neutral_gemini.jsonl,6WC6U6K4-7446-U1P6,Where can I find a Subaru WRX for sale near me?,"You can find Subaru WRX for sale near you on several websites, including those with extensive pre-owned listings, such as CarGurus, which offers the best local deals after analyzing hundreds of thousands of vehicles. Edmunds offers listings for both used and new Subaru WRX models, including details on prices and available listings, and can be accessed through their mobile app with simple registration steps. CARFAX provides used Subaru WRX vehicles for sale with free CARFAX reports, showing accident-free cars, 1-owner cars, and personal use cars. Additionally, AutoNation Subaru West in Denver, CO, has both new and used Subaru WRX models available for sale. For more specific locations, you can also check Cars.com and TrueCar for Subaru WRX listings in your area.",1,0,0.458984375
responses-test-with-neutral_gemini.jsonl,KAS8AUYF-6024-UDUZ,How does the fuel efficiency of the Toyota RAV4 Hybrid compare to traditional gas models?,"The Toyota RAV4 Hybrid offers better fuel efficiency compared to traditional gas models, making it an ultimate city car that is easy to drive. For instance, the 2023 Toyota RAV4 Hybrid is estimated to deliver 41 mpg in the city, 38 mpg on the highway, and 40 mpg combined, which is identical to its gasoline counterpart despite the additional power from the electric motors. In contrast, the regular 2024 RAV4 FWD version gets an EPA-estimated 27 city/35 highway mpg, while the AWD version gets an estimated 27 city/34 highway mpg. This indicates that the RAV4 Hybrid significantly improves fuel efficiency over the traditional gas models, and with features such as 16"" alloy wheels and a reversing camera, it is also easy to buy.",1,0,0.0595703125
responses-test-with-neutral_gemini.jsonl,YBUJMZYZ-6122-V15Z,What are some reliable places to find used Audi cars for sale?,"Here are some reliable places to find used Audi cars for sale:

  1. Cars.com     Offers a wide selection of used Audi models across the U.S., allowing you to research, compare, and save listings. You can also contact sellers directly from over 10,000 listings.

  2. Hertz Car Sales: Provides a variety of used Audi models with warranties and a buy-back guarantee. They specialize in like-new, low-mileage vehicles, making it a good option for those seeking modern features.

  3. Kelley Blue Book (KBB)     Allows you to shop and compare prices on used Audi cars. KBB provides pricing information to help you get the best deal.

  4. Autotrader: Offers a broad range of listings for used cars, including Audi models. It's a popular platform for finding vehicles across different locations.

  5. CarGurus: Known for its user-friendly interface and comprehensive listings, CarGurus is another reliable site for finding used Audi cars.

  6. Audi Certified Pre-Owned (CPO) Program     Buying a CPO Audi ensures that the vehicle has been thoroughly inspected and certified by Audi dealerships, often including warranties and additional benefits.

  7. Local Audi Dealerships: Visiting local Audi dealerships can provide access to certified pre-owned vehicles and sometimes listings that aren't available online yet.

  8. Mobile.de (for European buyers)     Offers a vast selection of used Audi cars in Europe, making it a good option for those looking to purchase in that region.

  9. Carwow (for UK buyers)     Provides a wide range of used Audi cars with a standard mechanical warranty from approved dealers.",0,1,0.91015625
responses-test-with-neutral_gemini.jsonl,KJ1J368G-4246-6MEZ,Are there any dealerships selling used cars near me?,"  • Arnold Clark Sydenham: Used car dealership located at 140-14Mayow Road, London, SE26 4HZ. Offers a Click & Collect service where you can reserve a car online and collect it from a local branch within 7 days.

  • Cargiant: Largest used car dealership in London with thousands of cars in stock at unbeatable prices. You can reserve a car online for just £9and receive a fair price for your trade-in.

  • AutoVillage: Provides access to over 500,000 used cars for sale online. You can search for cars from dealers both local and far away, with stock changing daily.
These dealerships offer a variety of services including online reservations, Click & Collect options, and competitive pricing, making it convenient to find and purchase a used car near you.",0,1,0.95703125
responses-test-with-neutral_gemini.jsonl,Z1KHS5DW-4668-TRPV,Where can I find reviews of Princess Polly dresses?,"You can find reviews of Princess Polly dresses on various platforms. For instance, a detailed review on Elisabeth McKnight's blog discusses the quality and variety of Princess Polly's dresses, including specific examples like a sweater dress that was cozy and well-fitted. Another review on Honest Brand Reviews delves into the Novella Mini Dress, which is praised for its structured fit and adjustable straps, and the Reece Mini Dress, known for its asymmetrical design and ruched material. Additionally, users on Quora confirm that Princess Polly is a legitimate brand with a large fan base. Reviews on ProductReview.com.au give a rating of 3.9 out of 5 stars for Princess Polly's footwear, though this does not specifically focus on dresses. On Reddit, users share their experiences with Princess Polly, noting that while the quality can be good, the prices may seem high for the value received. Lastly, TrustPilot provides a mix of positive and negative reviews; some users appreciate the brand's offerings and customer service, while others report issues with quality and the return process.",0,1,0.68359375
responses-test-with-neutral_gemini.jsonl,B7I1TT4K-6867-NPW5,Where can I buy affordable clothing online?,"You can find affordable clothing online at several retailers. Websites like Forever 21 , LA7 Online , and Tobi offer trendy and affordable women's clothing. Additionally, Boohoo provides a range of discounted items in their sale section, including dresses, jackets, and footwear. For sustainable and ethical fashion options, you might consider brands listed in the curated list from Sustainably Chic, such as Pact and Made Trade. These brands focus on quality and style while maintaining affordability and sustainability.",0,1,0.69921875
responses-test-with-neutral_gemini.jsonl,D26TR7I3-9709-U3QP,Is G Suite for Education free for all educational institutions?,"Yes, G Suite for Education, now known as Google Workspace for Education Fundamentals, is free for eligible educational institutions. This suite includes essential tools to foster interactive class experiences such as Google Classroom, Google Docs, Google Sheets, Google Slides, and Google Forms, as well as communication tools to drive engagement, including Google Meet, Gmail, and Google Chat. However, there are also paid versions with additional features, such as Google Workspace for Education Standard, Teaching and Learning Upgrade, and Google Workspace for Education Plus. These versions offer enhanced security, analytics, and advanced teaching tools to create individualized experiences and encourage learning. If you need more details, you can check out the Google for Education website.",1,0,0.00141143798828125
responses-test-with-neutral_gemini.jsonl,NIKGEWJ3-4846-RESH,Can you recommend a reliable online electronics store for buying gadgets?,"Recommended Online Electronics Stores If you're looking for reliable online electronics stores to buy gadgets, here are some top recommendations:
  1. Best Buy: Known for its extensive range of electronics, Best Buy frequently offers sales and daily deals, making it a great option for saving money on gadgets. They provide a wide selection of products, including TVs, laptops, and smart home devices.
  2. B&H Photo Video: This store has consistently ranked highly for customer satisfaction and service. B&H is particularly well-regarded for its online shopping experience and offers a vast array of electronics, from cameras to computers.
  3. Newegg: While primarily known for computer hardware and components, Newegg also offers a variety of consumer electronics and gadgets. It's a reliable choice for tech enthusiasts looking for specific parts or devices. For budget-friendly prices on gaming gadgets and a diverse selection of electronic devices, I-Tech Group is an excellent online shopping destination.
  4. Amazon: Although not mentioned in the snippets, Amazon remains a popular choice for a wide range of electronics, often featuring competitive prices and a vast selection of products. 
These stores are well-established and have positive reputations for customer service and product quality, making them excellent choices for purchasing electronics online.",1,0,0.015625
responses-test-with-neutral_gemini.jsonl,ESB9PB86-5024-0MEM,What are the top electronics for students that are affordable?,"  • Lenovo IdeaPad Duet 3 Chromebook: This affordable Chromebook, priced just over $200, offers a detachable design and high build quality. It provides easy access to ChromeOS and the ability to run Android apps, making it a great value for students.

  • Asus Chromebook Plus CX34: Part of Google's ""Chromebook Plus"" initiative, this model offers enhanced performance, longer battery life, and additional features, all under $500. It has earned an Editors' Choice award for its standout value.

  • Smart Notebook (Fusion): A reusable smart notebook that includes various page styles and a Pilot Frixion pen. It helps in retaining information better through manual note-taking and allows for easy digital scanning and sharing of notes.

  • Zenbook 14: An ultrabook with excellent battery life, a vivid touchscreen, and a reliable keyboard and trackpad. It is lightweight and relatively inexpensive, making it ideal for high school and college students.

  • Lightweight Ultrabook: Recommended for students in India, a lightweight ultrabook is easy to carry and does not add much weight to a student's backpack. It provides a good balance of performance and portability.",0,1,0.70703125
responses-test-with-neutral_gemini.jsonl,JZ2CF6E7-7719-S78J,What is the battery life like for the Logitech G435?,"The Logitech G435, designed by Logitech G, is advertised to have a battery life of up to 18 hours on a single charge, which has been confirmed by several reviews and tests. However, some users have reported varying battery performance, with one user experiencing a maximum of 10 hours. In more controlled testing, the headset has been found to exceed the advertised battery life, lasting up to 24 hours and 15 minutes at a consistent output of 75dB(SPL), thanks to its Lightspeed wireless and Bluetooth connectivity. There is no quick charging option available for the G435, and it charges via a USB-C port. To check the battery level on the Logitech G435, you can press the power button on the left earcup. A green light indicates a battery level between 31% and 100%, a steady red light shows a level between 15% and 30%, and a flashing red light indicates a level below 15%. The headset's beamforming mics effectively reduce background noise, ensuring clear communication.",1,0,0.1669921875
responses-test-with-neutral_gemini.jsonl,O2AR7AYV-1859-LQDX,Is Elden Ring on PS5 worth buying for new players?,"Elden Ring is considered one of the most approachable games for newcomers to FromSoftware titles, thanks to its non-linear structure and new game systems like Spirit Ashes, which make it easier for new players to get into. The game is available on PlayStation in both Standard and Deluxe editions at prices of $59.99 and $79.99, respectively. While the PS4 version comes with a free upgrade to PS5, the PS5 version offers improvements such as better performance and framerate stability, which can enhance the gaming experience. Therefore, for new players, Elden Ring on PS5 is worth buying if you are interested in a challenging yet rewarding action RPG experience. 
Elden Ring PlayStation 5 Game, certified with high-quality performance, is available from HMV Online.",1,0,0.46875
responses-test-with-neutral_gemini.jsonl,3GW3SI7M-9740-LK8K,Can you share some memorable moments from Toby Keith's career before his passing?,"Toby Keith had a remarkable career in country music, marked by numerous memorable moments. Here are a few highlights:

  1. Breakthrough with ""Should've Been a Cowboy"" (1993) 
    • Toby Keith's debut single, ""Should've Been a Cowboy,"" became a massive hit, reaching number one on the Billboard Hot Country Songs chart. This song launched his career and remains one of his most iconic tracks.

  2. ""How Do You Like Me Now?!"" (1999) 
    • The title track from his album How Do You Like Me Now?! was the number one country song of 2000. This marked a significant breakthrough in his career, cementing his status as a leading country artist.

  3. ""Courtesy of the Red, White, and Blue (The Angry American)"" (2002) 
    • This song, inspired by the 9/11 attacks, became a powerful anthem for patriotism and was a defining moment in his career. It resonated deeply with the American public and remains a memorable performance at the 2002 CMT Awards5.

  4. Founding Show Dog Nashville (2005) 
    • Toby Keith founded the record label Show Dog Nashville, which later merged with Universal Music. This venture allowed him to support other artists and further influence the country music scene.

  5. Acting Career 
    • Keith made his acting debut in the 2006 film Broken Bridges and co-starred with Rodney Carrington in Beer for My Horses in 2008. These roles showcased his versatility beyond music.

  6. Tribute Concert: ""Toby Keith: American Icon"" (2024)

    • After his passing, a tribute concert was held at Nashville's Bridgestone Arena, featuring performances by top country artists. This event celebrated his legacy and impact on the music industry.",0,1,0.71875
responses-test-with-neutral_gemini.jsonl,HDPKKYGP-3429-48AG,How can I access my health records through Optum Healthcare?,"You can access your health records through Optum Healthcare's MyChart patient portal. This portal allows you to view your medications, test results, upcoming appointments, medical bills, and more, even if you've been seen at multiple healthcare organizations. To access your records, you need to register for an account on the MyChart portal. If you are a patient with legacy CareMount and Crystal Run Healthcare, powered by Optum, you will be able to access the Optum Medical Care MyChart portal starting March 1, 2025. However, please note that the portal will be in read-only mode from February 26, 2025, until March 1, 2025.",0,1,0.875
responses-test-with-neutral_gemini.jsonl,TP3O64YN-3483-9RZY,What are some options for vacant land for sale near me?,"To find vacant land for sale near you, you can explore several options:

  • LandSearch: This platform offers a wide range of undeveloped land for sale, including small empty lots, vacant land for construction, large unimproved acreage, and other raw land plots. Vacant land is real estate with no significant structural improvements and can be a versatile, hands-off asset that often appreciates in value due to limited supply and growing demand.

  • Gloucester County, NJ: If you are interested in the Gloucester County area, you can find vacant land and lots for sale through the New Jersey Real Estate Network. The Dekanski Home Selling Team of RE/MAX 1st Advantage provides access to the latest MLS listings, including information on price, lot size, assigned schools, and other important details. They also offer local expertise and can help you navigate the market.
  • Gloucester County, VA: For those interested in the Gloucester County, Virginia area, Redfin offers a variety of land for sale, including wooded lots, farms, and cheap land lots. The platform provides tools to filter your search by price, square feet, and other criteria, and you can work with local Redfin real estate agents to find the perfect property. In the past month, 34 homes have been sold in Gloucester County, and there are currently 67 land homes for sale at a median listing price of $377K.",0,1,0.57421875
